Phyla,AveCercozoa,AveChlorophyta,AveChromerida,AveCryptophyta,AveEuglenophyta,AveHaptophyta,AveMiozoa,AveOchrophyta,AvePelagophyta,AveRhodophyta,AveStreptophyta
vFam_1012,0,0.04347826087,0,0,0,0.1111111111,0,0,0,0.2857142857,0
vFam_40,0.6666666667,0.652173913,0,0.5,2,1.444444444,0.4545454545,0.02380952381,0,0,84
vFam_1134,264.6666667,66.86956522,937,182.25,4.5,340.2222222,160.3636364,105.9761905,139,36.42857143,65
vFam_631,0.6666666667,0.6666666667,0,0.5,2,0.6666666667,0.3636363636,0.04761904762,0,0,60
vFam_321,183.6666667,45.91304348,99,199,4.5,52.88888889,37.81818182,130.4047619,170,90,35
vFam_128,164,35.36231884,604,88,2.5,181.7777778,91.45454545,71.71428571,33,19.57142857,26
vFam_622,167,45.7826087,101,184.75,8.5,47.55555556,38.09090909,128.0952381,143,84.14285714,24
vFam_95,160.6666667,45.43478261,72,185.5,6.5,51.55555556,35.90909091,111.9285714,153,73,24
vFam_37,79.66666667,40.8115942,104,26.75,93.5,31.33333333,4.636363636,28.78571429,2,162.2857143,21
vFam_798,1,1.739130435,3,1,0.5,1.888888889,1,1.214285714,1,1,21
vFam_164,199.3333333,44.43478261,714,185.5,1.5,232.1111111,84.54545455,86.83333333,50,23.28571429,18
vFam_1824,0,0.231884058,0,0,0,0,0,0,0,0,18
vFam_1976,1,1.217391304,2,0.5,0.5,1.222222222,0.6363636364,1.166666667,1,1,16
vFam_632,67,34.05797101,109,27.75,4,39.66666667,56.27272727,44.78571429,3,0.2857142857,16
vFam_803,0,0.02898550725,0,0,0,0,0,0.1428571429,0,0,16
vFam_1262,0,0.3188405797,0,0,0,0.6666666667,0.6363636364,0.02380952381,0,0,16
vFam_35,17.66666667,50.13043478,78,22.5,8,49.33333333,40.63636364,63.19047619,0,3.428571429,15
vFam_2267,0,0.2898550725,0,0,0,0.1111111111,0.3636363636,0,0,0,15
vFam_398,0,0.2028985507,0,0,1,0.5555555556,0.09090909091,0,0,0,15
vFam_1024,0,0.2173913043,0,0.25,0,0.7777777778,0,0,0,0,15
vFam_359,0.6666666667,1,0,2,0.5,1.666666667,0.2727272727,0.1428571429,1,0,14
vFam_138,2.333333333,0.347826087,0,2.75,0,4.666666667,2.090909091,0.380952381,0,0,14
vFam_2599,0,0.5072463768,0,0,0,1,0.1818181818,0.119047619,0,0,14
vFam_616,0,0.4202898551,0,1.75,0,0.5555555556,0.1818181818,0.02380952381,0,0,14
vFam_2436,0,0.1594202899,0,0,0,0,0.3636363636,0,0,0,14
vFam_1584,1.333333333,0.3913043478,0,1,0,0,0.1818181818,0,0,0,14
vFam_2534,0,0.1304347826,0,0.5,0,0.5555555556,0,0,0,0,14
vFam_2112,0,0.115942029,0,0,0.5,0.1111111111,0,0,0,0,14
vFam_649,0,0.1449275362,0,0,0,0,0,0,0,0,13
vFam_1545,0,0.08695652174,0,0,0,0.7777777778,0,0.04761904762,0,0,12
vFam_1816,0,0.1304347826,0,0,0,0,0.09090909091,0,0,0,12
vFam_2909,0,0.05797101449,0,0,0,0,0.09090909091,0,0,0,12
vFam_3011,74.66666667,18.88405797,48,16.5,10.5,20.33333333,3.181818182,23.78571429,2,128,11
vFam_2642,39.66666667,18.4057971,35,26.25,4,19.22222222,10.27272727,45.9047619,47,36,11
vFam_174,7.666666667,5.47826087,9,8.75,5.5,8.888888889,15.18181818,11.88095238,6,7.857142857,11
vFam_5883,1,0.2173913043,0,0,0,0,0.3636363636,0.04761904762,1,0.1428571429,11
vFam_286,1.333333333,0.3188405797,0,0.75,0,0.8888888889,0.1818181818,0.07142857143,0,0,11
vFam_5513,0,0,0,0,0,0.1111111111,0,0.02380952381,0,0,11
vFam_1692,0,0.01449275362,0,0,0,0.3333333333,0,0,0,0,11
vFam_4139,134.3333333,28.37681159,522,40.75,0,184.2222222,50,53.97619048,11,22.71428571,10
vFam_935,83.66666667,18.24637681,254,29.25,0,130.8888889,31.63636364,33.26190476,9,15.14285714,10
vFam_440,0.6666666667,1.608695652,0,0,0.5,0.3333333333,2,1.285714286,4,0.2857142857,10
vFam_530,19.66666667,2.811594203,0,0,0,0,0,0.4523809524,0,0,10
vFam_2750,0,0.04347826087,0,0,0,0,0.1818181818,0,0,0,10
vFam_3404,0,0.08695652174,0,0,0.5,0,0.09090909091,0,0,0,10
vFam_290,59,19.95652174,20,51.25,0.5,29.88888889,12.09090909,56.85714286,52,17.14285714,9
vFam_126,9.333333333,6.47826087,16,10.75,4,8.444444444,5.909090909,12.73809524,17,4.428571429,9
vFam_5579,0,0.1594202899,0,0.75,0,0,0.2727272727,0.02380952381,0,0,9
vFam_1845,0,0,0,0,0,0,0,0,0,0,9
vFam_2918,23.66666667,12.65217391,9,21.75,1,12.33333333,7.363636364,34.35714286,46,26.71428571,8
vFam_4734,35.33333333,6.289855072,15,11.5,4.5,7.777777778,3.363636364,15.0952381,21,9.142857143,8
vFam_183,4.666666667,4.608695652,5,12.5,2,4.888888889,4.272727273,7.357142857,12,2.428571429,8
vFam_86,8,7.811594203,43,111,7.5,22.55555556,11.18181818,30.83333333,33,0,8
vFam_1742,0,0.05797101449,0,0,0,0.4444444444,0,0,0,0,8
vFam_5531,41.66666667,14.14492754,6,45,0,17.77777778,6.545454545,47.35714286,43,28.85714286,7
vFam_5853,10.33333333,3.710144928,0,32.75,0,1.888888889,2.181818182,7.666666667,4,3.142857143,7
vFam_757,4.666666667,5.043478261,0,5.75,0,9.888888889,5.818181818,21.16666667,14,0,6
vFam_451,0,0.1739130435,0,0,0,0,0,0.3571428571,0,0,6
vFam_246,0,0.5362318841,0,1,0,0,0,0.3095238095,0,0,6
vFam_5288,12.33333333,10.23188406,4,12.5,0.5,6.444444444,4.727272727,21.5,24,33.57142857,5
vFam_1884,5.666666667,3.652173913,0,75.75,0,2.333333333,3.090909091,5.333333333,15,9.571428571,5
vFam_4248,6,10.46376812,2,6.25,1,3.888888889,1.636363636,6.761904762,2,4.142857143,5
vFam_5985,3.666666667,15.85507246,31,15.5,2.5,56.33333333,86.81818182,6.80952381,0,3.285714286,5
vFam_158,16,6.202898551,25,6.5,1.5,8.111111111,7.272727273,11.61904762,18,0.2857142857,5
vFam_235,0,0.08695652174,0,0,0,0,0,0.07142857143,0,0.2857142857,5
vFam_5583,0,0.02898550725,0,0,0,0.2222222222,0,0,0,0,5
vFam_3906,14,3.405797101,1,7,0.5,3.555555556,1.545454545,8.69047619,9,4.142857143,4
vFam_1530,52,4.246376812,4,23.75,0,61,4.909090909,11.0952381,18,2.285714286,4
vFam_5194,0,1.202898551,0,1.5,0,0.7777777778,0.2727272727,2,4,0.8571428571,4
vFam_471,0,2.739130435,0,6.75,0,7.111111111,0,2.5,0,0,4
vFam_792,0,0.1739130435,0,0.5,0,0.5555555556,0,0,0,0,4
vFam_4181,0,0.08695652174,0,0,0,0.2222222222,0,0,0,0,4
vFam_4689,0,0,0,0,0,0.1111111111,0,0,0,0,4
vFam_2192,0,0,0,1.75,0,0,0,0,0,0,4
vFam_99,0,0.1304347826,0,0,0,0,0,0,0,0,4
vFam_5287,28.33333333,5.47826087,20,23.75,0.5,5.777777778,5.727272727,20.71428571,16,22.28571429,3
vFam_3234,4.333333333,5.144927536,9,6.25,0.5,2.666666667,2.545454545,11.83333333,2,5.428571429,3
vFam_1019,2.666666667,0.8115942029,0,2.25,0,0.6666666667,0,1.785714286,1,4.857142857,3
vFam_5143,7.666666667,1.971014493,4,5.25,0,2.333333333,1,4.547619048,6,4,3
vFam_1956,1.333333333,2.420289855,8,7.75,1,1.888888889,1.090909091,4.071428571,6,3,3
vFam_5463,3.333333333,5.884057971,4,2.25,2,1.666666667,0.6363636364,3.523809524,3,1.714285714,3
vFam_577,2,0.768115942,0,1.25,0,0.6666666667,0.1818181818,2.333333333,2,1.714285714,3
vFam_929,0.6666666667,1.507246377,2,1.75,0,2,0.6363636364,2.30952381,3,1.428571429,3
vFam_917,0,2.362318841,1,0.5,0.5,1.888888889,1.818181818,3.857142857,3,1.285714286,3
vFam_209,4.333333333,1.333333333,0,2.75,0,1.888888889,0.8181818182,1.357142857,0,1.285714286,3
vFam_5367,2.333333333,0.3043478261,1,0,0,0.1111111111,0.1818181818,0.7380952381,1,1,3
vFam_3966,11.33333333,2.869565217,20,4.25,1,4,3.181818182,6.5,26,0.5714285714,3
vFam_4581,11.33333333,0.7971014493,0,9.75,0,1,0.7272727273,7.69047619,2,0.5714285714,3
vFam_4105,0,0.1594202899,0,0.25,0,1.333333333,0.4545454545,0.6666666667,4,0.2857142857,3
vFam_4129,3.333333333,4.898550725,27,73.5,0,17.44444444,8.090909091,26.85714286,41,0,3
vFam_3895,0,0.05797101449,0,0,0,0.1111111111,0.09090909091,0,0,0,3
vFam_3113,40,6.898550725,10,28.25,3,8.888888889,5.090909091,20.07142857,39,31.28571429,2
vFam_41,27,3,0,60,1,2.777777778,4,9.30952381,8,21.57142857,2
vFam_236,11.66666667,2.043478261,1,9.5,0,4.111111111,0.8181818182,6.857142857,0,10.14285714,2
vFam_2933,6,6.449275362,6,15.25,1.5,6.666666667,4.363636364,20.19047619,10,5.571428571,2
vFam_4273,5,3.376811594,0,5,0,2.666666667,1.090909091,5.595238095,9,4.571428571,2
vFam_3280,5.666666667,2.550724638,4,6,0,0.6666666667,2.545454545,9.047619048,3,4.571428571,2
vFam_2570,3.333333333,2.188405797,0,7.25,1,3,0.2727272727,4.547619048,3,3.428571429,2
vFam_3355,2.666666667,1.927536232,2,0.25,0.5,2.111111111,1.181818182,6.5,2,2.857142857,2
vFam_4066,4,1.898550725,3,3,2,2.111111111,0.7272727273,2.071428571,7,2.571428571,2
vFam_1943,1.666666667,0.6666666667,1,1,0,0.6666666667,0.09090909091,1.285714286,0,2.428571429,2
vFam_660,2,0.8985507246,0,1.25,0,0.5555555556,0.4545454545,1.642857143,1,2.285714286,2
vFam_3302,0,1.826086957,0,0,0,3,2.181818182,11.0952381,0,2.285714286,2
vFam_167,2.333333333,1.942028986,2,3,0,1.222222222,1.272727273,2.80952381,5,1.857142857,2
vFam_4206,2.666666667,0.9855072464,5,1.75,0,3,0.3636363636,2.666666667,4,1.714285714,2
vFam_4000,3.333333333,1.217391304,2,2,1,1.333333333,1.181818182,2,2,1.142857143,2
vFam_47,2.333333333,0.9855072464,0,1.5,0.5,0.8888888889,0.8181818182,1.80952381,2,1.142857143,2
vFam_4543,0,0.7971014493,2,0,0,1.555555556,0.2727272727,1.5,2,1.142857143,2
vFam_1153,45.66666667,3.130434783,0,19.5,0,54.33333333,4.181818182,5.714285714,7,1,2
vFam_5882,1,0.3333333333,1,0.5,0.5,0.1111111111,0.4545454545,0.2857142857,1,1,2
vFam_4122,0,0.1739130435,0,0,0,0.1111111111,0.4545454545,0.7619047619,1,0.8571428571,2
vFam_3304,2,0.2608695652,0,0,0,0.3333333333,0,0.2142857143,0,0.7142857143,2
vFam_2207,18,3.15942029,20,6.25,0,4.555555556,3.818181818,7.357142857,17,0.5714285714,2
vFam_735,10,2.144927536,15,5,0,2.111111111,2.181818182,5.833333333,16,0,2
vFam_1621,1.333333333,2.550724638,0,2.75,0,4.111111111,3,12.26190476,14,0,2
vFam_462,2,2.971014493,10,36.75,0,7.222222222,3.818181818,19.16666667,11,0,2
vFam_4642,0,0.1594202899,2,0,0,0,0,0.1666666667,0,0,2
vFam_3169,0,0,0,0,0,0.1111111111,0,0,0,0,2
vFam_3987,0.3333333333,5.231884058,3,1.25,11,8.777777778,1.454545455,7.857142857,1,54.85714286,1
vFam_3219,15,7.173913043,7,17.5,1,9.444444444,5.909090909,24.95238095,16,8,1
vFam_4676,2.333333333,2.304347826,2,2,1,1.555555556,0.8181818182,3.214285714,2,5.714285714,1
vFam_2530,2.666666667,1.275362319,0,5,0,0.5555555556,0.1818181818,0.619047619,1,3,1
vFam_3786,2,5.362318841,5,6.25,1,5,0.2727272727,2.833333333,1,2.857142857,1
vFam_4884,1,0.3913043478,1,0.5,0,0,0.3636363636,1.333333333,2,1.571428571,1
vFam_1129,4,1.043478261,1,1,0,0.6666666667,0.9090909091,1.738095238,1,1.571428571,1
vFam_3949,3,1.130434783,0,1.5,0,1,0.7272727273,3.357142857,2,1.428571429,1
vFam_3713,1.333333333,1.68115942,1,0,0,1.222222222,0.4545454545,1.69047619,1,1.428571429,1
vFam_2064,1,0.3913043478,0,0.75,0.5,0.1111111111,0.3636363636,0.8333333333,0,1.428571429,1
vFam_993,4,0.6086956522,1,1,0,0.4444444444,0.9090909091,1.380952381,0,1.285714286,1
vFam_4782,0,0.3188405797,1,0.75,0,0,0.1818181818,0.8333333333,0,1.285714286,1
vFam_883,5.666666667,1.086956522,0,2.75,0,2.111111111,1.363636364,4.642857143,5,1.142857143,1
vFam_238,0.6666666667,0.6376811594,1,0.5,0,0.3333333333,0.2727272727,2.785714286,3,1.142857143,1
vFam_609,2.666666667,0.8260869565,0,0.75,0,1,0.1818181818,2.357142857,0,1.142857143,1
vFam_1233,9,3.15942029,2,8.5,4,66.55555556,1.454545455,25.88095238,18,0.8571428571,1
vFam_1576,1,0.1014492754,10,0,0,0.3333333333,2.363636364,0,1,0.8571428571,1
vFam_1977,1,0.08695652174,10,0,0,0,2.363636364,0,1,0.7142857143,1
vFam_3337,0.6666666667,1.072463768,0,2,0,0.8888888889,1.090909091,2.476190476,2,0.5714285714,1
vFam_215,0.6666666667,0.2608695652,0,0,0,0.1111111111,0.1818181818,0.1666666667,0,0.4285714286,1
vFam_4247,0,0.1014492754,0,0,0,0.2222222222,0.09090909091,0.09523809524,0,0.4285714286,1
vFam_181,0.6666666667,0.768115942,0,4.25,0,2.111111111,1.545454545,1.166666667,0,0.2857142857,1
vFam_445,2,0.4202898551,0,1,0,0.6666666667,0.3636363636,1.904761905,0,0.1428571429,1
vFam_3017,0,0.05797101449,3,1,0,0.2222222222,0.1818181818,0.3095238095,0,0.1428571429,1
vFam_1137,0,1.144927536,0,0,3.5,0,0,0.5714285714,0,0,1
vFam_1426,0,0.4202898551,0,0.5,0,0.3333333333,0.4545454545,0,0,0,1
vFam_3251,0,0.04347826087,0,0,0.5,0,0,0,0,0,1
vFam_3445,0,0.02898550725,0,0,0,0,0,0,0,0,1
vFam_4568,0,0.02898550725,0,0,0,0,0,0,0,0,1
vFam_2147,15.33333333,0.8115942029,0,2.5,2.5,1.666666667,0.6363636364,1.30952381,26,30.14285714,0
vFam_3111,25.66666667,3.101449275,6,14,1,3.444444444,3.181818182,13.83333333,11,20.85714286,0
vFam_4079,19.66666667,8.434782609,3,14,0,8.555555556,3.727272727,20.66666667,26,19.71428571,0
vFam_4137,22.33333333,8.333333333,90,7,0,112.6666667,14.27272727,15.38095238,3,12.71428571,0
vFam_4635,22,7.927536232,5,62,0,307,26.81818182,14,8,12,0
vFam_4138,62.33333333,23.68115942,193,52.75,1.5,110.2222222,45.18181818,41.26190476,7,11.14285714,0
vFam_4586,6.333333333,2.782608696,2,9,0,2.666666667,2.363636364,10.16666667,3,8.285714286,0
vFam_3289,4.666666667,3.797101449,2,6,0.5,5.111111111,0.9090909091,5.357142857,3,7,0
vFam_252,5.666666667,3.68115942,0,12.75,0,4,3.727272727,17.64285714,10,6,0
vFam_1179,7,3.289855072,3,9.75,0.5,2.111111111,3.909090909,14.66666667,7,6,0
vFam_4802,2.333333333,3.101449275,2,2.75,1.5,3.222222222,1.818181818,6.833333333,13,5.571428571,0
vFam_621,7.333333333,2.637681159,13,6.5,0,3.444444444,1.454545455,9.261904762,6,5,0
vFam_5791,0,0,0,0,0,0,0,0,0,4.857142857,0
vFam_4078,2,2.782608696,7,4,0.5,2.333333333,1.272727273,5.119047619,6,4.714285714,0
vFam_601,3.333333333,1.101449275,3,3.25,0,2.222222222,0.2727272727,2.5,2,4.428571429,0
vFam_2531,4,1.434782609,0,2.75,0,1.333333333,0.3636363636,1.261904762,2,4.428571429,0
vFam_5692,28.66666667,13.57971014,68,7.25,1,102,27.09090909,16.71428571,0,4.285714286,0
vFam_2297,3.333333333,1.550724638,3,3,0.5,1,0.5454545455,4.142857143,2,4.142857143,0
vFam_2035,0.3333333333,1,0,3.75,1,0.5555555556,0.3636363636,1.619047619,0,4,0
vFam_3299,2,2.608695652,0,4.5,0,2.444444444,1.363636364,9.285714286,12,3.857142857,0
vFam_2798,10,2.507246377,2,0,0,0.6666666667,1.363636364,5.642857143,9,3.857142857,0
vFam_6153,0,1.260869565,0,1.5,0,1.666666667,1.272727273,4.571428571,3,3.714285714,0
vFam_1034,1.666666667,2.15942029,0,1.75,0,2.777777778,1.636363636,3.285714286,1,3.714285714,0
vFam_3640,4,1.304347826,4,39.5,0,0.3333333333,1.454545455,3.547619048,7,3.571428571,0
vFam_69,5.333333333,2.231884058,0,10.5,0,2.777777778,1.818181818,5.30952381,6,3.285714286,0
vFam_5792,1.333333333,2.043478261,1,1,0.5,0.7777777778,0.09090909091,1.904761905,2,3.285714286,0
vFam_2640,0.6666666667,0.9275362319,0,3,0,0.4444444444,0,0.5476190476,0,3.285714286,0
vFam_6570,19,5.47826087,0,4.75,11.5,95.44444444,4.090909091,10.4047619,15,3.142857143,0
vFam_1600,22,4.884057971,0,0.75,11.5,82,2.909090909,15.45238095,12,3.142857143,0
vFam_254,7.666666667,2.594202899,0,11.75,0,3.555555556,1.909090909,5.547619048,6,3,0
vFam_5388,7.333333333,0.768115942,0,1.75,0,2.333333333,0.1818181818,3.666666667,4,3,0
vFam_613,10.33333333,3.043478261,0,9.5,1,61.55555556,2.545454545,33.14285714,48,2.857142857,0
vFam_1881,4.666666667,2.086956522,1,6.5,0,3.555555556,1.272727273,5.071428571,19,2.857142857,0
vFam_5317,1.333333333,1.710144928,1,2.5,0,0.3333333333,0.5454545455,2.976190476,1,2.857142857,0
vFam_3116,6,0.4057971014,3,2.75,0,0.2222222222,0.1818181818,2.166666667,0,2.857142857,0
vFam_892,43.33333333,18.47826087,220,17.5,0,131.8888889,25.36363636,40.76190476,8,2.714285714,0
vFam_268,10.33333333,2.623188406,12,8,1,3.333333333,2,4.476190476,6,2.714285714,0
vFam_5845,0,0.4637681159,0,0.25,0,1,0.7272727273,2,1,2.714285714,0
vFam_3158,2,0.7101449275,0,0,0,0.3333333333,0.3636363636,1.69047619,4,2.571428571,0
vFam_2211,6,1.942028986,0,1.5,0,1,0.5454545455,2.761904762,3,2.571428571,0
vFam_5321,0,0.9420289855,0,0,0,0,0.09090909091,0.1666666667,0,2.428571429,0
vFam_4379,2,0.3623188406,5,3,0,0,1,4.785714286,0,2.285714286,0
vFam_1307,0.3333333333,0.3623188406,0,0,0,0.5555555556,0.2727272727,0.8333333333,0,2.285714286,0
vFam_615,0,0.3623188406,0,2.25,0.5,0.8888888889,0,0.5952380952,0,2.285714286,0
vFam_2977,0,0.2753623188,0,0,0,0.1111111111,0,0.3095238095,0,2.285714286,0
vFam_550,0,0.04347826087,0,0.75,0,0,0,0.04761904762,0,2.285714286,0
vFam_5710,2,0.9565217391,0,0,0,0.6666666667,0.5454545455,2.619047619,3,2.142857143,0
vFam_3494,0,0.4927536232,0,0.75,0.5,0.3333333333,0.3636363636,1.19047619,0,1.857142857,0
vFam_4820,0,0,0,0,0,0,0,0,0,1.857142857,0
vFam_2927,4.666666667,1.449275362,1,2.5,0,1.777777778,0.6363636364,3.833333333,4,1.714285714,0
vFam_2313,5.333333333,0.5942028986,0,2.75,0,1.666666667,0.4545454545,3.571428571,2,1.714285714,0
vFam_1387,6.666666667,1.797101449,0,1.5,0,1.111111111,2.272727273,9.404761905,0,1.714285714,0
vFam_5137,0,0.5797101449,3,2,0,0.3333333333,0.2727272727,1.166666667,0,1.714285714,0
vFam_2645,0.6666666667,1.362318841,1,0.75,0.5,0.4444444444,0.3636363636,1.833333333,1,1.571428571,0
vFam_3244,4.666666667,1.043478261,0,42.25,0,0,3.909090909,0.09523809524,0,1.571428571,0
vFam_2784,2.666666667,0.8115942029,0,0,0,0.4444444444,0.3636363636,3.023809524,2,1.428571429,0
vFam_4380,3.666666667,0.4347826087,3,2,0,0.1111111111,0.8181818182,3.857142857,1,1.428571429,0
vFam_5173,3.666666667,0.6956521739,0,0.75,0,1.444444444,0,3.666666667,0,1.428571429,0
vFam_2555,0.6666666667,0.08695652174,0,0,0,0,0.3636363636,2.166666667,0,1.428571429,0
vFam_237,0,0.1594202899,0,0,0,0,0,0.1428571429,0,1.428571429,0
vFam_6021,0.6666666667,0.8695652174,2,0.25,0,1.111111111,0.3636363636,2.047619048,3,1.285714286,0
vFam_404,3.333333333,0.4782608696,3,5,0.5,0,0.3636363636,1.047619048,2,1.285714286,0
vFam_189,0.6666666667,0.9710144928,0,1,1,1.777777778,0.3636363636,0.9761904762,1,1.285714286,0
vFam_3552,1.666666667,0.1449275362,0,0,0,0,0.09090909091,0.9523809524,0,1.285714286,0
vFam_92,0,0.6666666667,2,0.75,2.5,2.111111111,0.09090909091,0.5238095238,0,1.285714286,0
vFam_5284,0.6666666667,0.1594202899,0,0,0,0.3333333333,0,0.3571428571,0,1.285714286,0
vFam_1937,3.666666667,2.115942029,0,17.75,1.5,50.66666667,0.3636363636,6.071428571,33,1.142857143,0
vFam_1143,1.666666667,2.507246377,9,0.5,1.5,36.77777778,0.8181818182,5.476190476,7,1.142857143,0
vFam_817,1.333333333,0.3188405797,0,2.25,0,0.6666666667,0.1818181818,1,3,1.142857143,0
vFam_1203,0,0.5507246377,0,0.25,0,0.6666666667,0.1818181818,1.095238095,2,1.142857143,0
vFam_3321,0,0.4202898551,0,0.75,0,0.3333333333,0.5454545455,1.80952381,0,1.142857143,0
vFam_2557,1.666666667,0.1449275362,0,0.75,0,0.2222222222,0.1818181818,1.166666667,0,1.142857143,0
vFam_4561,0,0.115942029,0,0.75,0,0.2222222222,0.2727272727,1.023809524,0,1.142857143,0
vFam_4353,1,0.1594202899,2,0,0,0,0.1818181818,0.3095238095,0,1.142857143,0
vFam_2803,0,0.3768115942,0,1,1,0.4444444444,0,1.333333333,4,1,0
vFam_3679,0,0.2173913043,0,0.25,0.5,0.1111111111,0.1818181818,0.02380952381,3,1,0
vFam_289,0,0.4202898551,0,2.25,0,1.111111111,2.454545455,1.095238095,2,1,0
vFam_3765,0,1.217391304,1,3.5,0.5,1.555555556,0.6363636364,1.095238095,1,1,0
vFam_1325,1,0.6086956522,0,0.5,0.5,0.7777777778,1.545454545,3.547619048,0,1,0
vFam_5977,0.6666666667,0.3333333333,1,0.5,0,0.2222222222,0.3636363636,0.9761904762,0,1,0
vFam_1793,1.666666667,0.231884058,0,2.25,0,0.1111111111,0,0.6428571429,0,1,0
vFam_103,0,0.7101449275,3,0.5,1.5,2.555555556,0.1818181818,0.4523809524,0,1,0
vFam_3303,0,0.1594202899,0,0,0,0.1111111111,0,0.04761904762,0,1,0
vFam_1893,0.3333333333,0.347826087,0,1,0,1.222222222,0.1818181818,0.3571428571,2,0.8571428571,0
vFam_2760,0,0.4347826087,0,0.25,0,0.7777777778,0.3636363636,2.142857143,0,0.8571428571,0
vFam_3112,0,0.231884058,0,2.75,0,0,0.3636363636,1.5,0,0.8571428571,0
vFam_558,0,0.1304347826,1,0,0,0.3333333333,0.09090909091,1.119047619,0,0.8571428571,0
vFam_964,0,0.2608695652,0,1,0,0,0,0.4523809524,0,0.8571428571,0
vFam_2229,0,0.3043478261,0,0,0,0.2222222222,0.09090909091,0.2857142857,0,0.8571428571,0
vFam_208,1.333333333,0.3623188406,0,0,0,0.2222222222,0,0.09523809524,0,0.8571428571,0
vFam_3398,0,0.02898550725,0,1,0,0.3333333333,0.09090909091,0.04761904762,0,0.8571428571,0
vFam_2212,1.333333333,0.4492753623,0,1,0,0.3333333333,0.1818181818,0.02380952381,0,0.8571428571,0
vFam_516,0,0.2463768116,0,0,0,0,0,0,0,0.8571428571,0
vFam_2544,0.6666666667,0.115942029,0,0,0,0,0,0,0,0.8571428571,0
vFam_4485,0,0,0,0,0,0,0,0,0,0.8571428571,0
vFam_5927,0.6666666667,1.463768116,6,0,0.5,1.555555556,0.2727272727,1.785714286,3,0.7142857143,0
vFam_4716,0,0.2753623188,0,2.75,0,0,0.1818181818,1.095238095,0,0.7142857143,0
vFam_1888,2.666666667,0.3623188406,0,0,0,0,0,0.5952380952,0,0.7142857143,0
vFam_1846,0,0.2753623188,0,0,0,0.6666666667,0,0.4285714286,0,0.7142857143,0
vFam_4026,1,0.1739130435,0,0.5,0,0.7777777778,0.09090909091,0.3095238095,0,0.7142857143,0
vFam_5447,0.6666666667,0.115942029,0,0,1,0.4444444444,0.1818181818,0.1904761905,0,0.7142857143,0
vFam_4328,0,0.231884058,0,0,0,0.2222222222,0,0.1666666667,0,0.7142857143,0
vFam_1361,0,0,0,0,0,0,0,0,0,0.7142857143,0
vFam_517,0,0.2753623188,0,1,0,0.2222222222,0,2.142857143,3,0.5714285714,0
vFam_5826,0.6666666667,0.1594202899,0,0,0,0.1111111111,0,0.8333333333,2,0.5714285714,0
vFam_6324,6,2.565217391,1,1,0,0.4444444444,0.5454545455,2.976190476,1,0.5714285714,0
vFam_2543,0.6666666667,0.5217391304,0,0.75,0,0.6666666667,0.2727272727,0.7142857143,1,0.5714285714,0
vFam_4311,0,0.04347826087,0,0,0,0.4444444444,0.09090909091,0.1904761905,1,0.5714285714,0
vFam_5561,1,0.4637681159,0,0,0,0.3333333333,0,0.880952381,0,0.5714285714,0
vFam_6296,0,0.1739130435,0,0,0,0.2222222222,0.09090909091,0.6428571429,0,0.5714285714,0
vFam_3284,0,0.2463768116,0,0,0,0.1111111111,0.09090909091,0.4761904762,0,0.5714285714,0
vFam_2157,0,0,0,0,0,0,0,0,0,0.5714285714,0
vFam_1213,0,0.4202898551,0,2,0,1.222222222,0,0.3095238095,2,0.4285714286,0
vFam_4529,0,0.4637681159,0,1,0,0.2222222222,0.3636363636,0.6904761905,1,0.4285714286,0
vFam_2440,0.3333333333,1,0,0,0,0.3333333333,0.2727272727,1.642857143,0,0.4285714286,0
vFam_2316,0,1.057971014,2,1,0,0.2222222222,0.09090909091,0.9047619048,0,0.4285714286,0
vFam_1811,0.3333333333,0.05797101449,0,0.5,0.5,0,0.2727272727,0.7142857143,0,0.4285714286,0
vFam_543,0,0.1884057971,0,0,0,0.3333333333,0.6363636364,0.2619047619,0,0.4285714286,0
vFam_4897,0,0.07246376812,0,0.5,0,0.2222222222,0.1818181818,0.1904761905,0,0.4285714286,0
vFam_2707,0,0.3043478261,0,0,0,0.2222222222,0.1818181818,0.1666666667,0,0.4285714286,0
vFam_1227,0,0.08695652174,0,0.75,0,0.8888888889,0.09090909091,0.09523809524,0,0.4285714286,0
vFam_3603,0,0.5072463768,1,0,0,0.2222222222,0.09090909091,0.07142857143,0,0.4285714286,0
vFam_4433,0,0,0,0,0,0,0,0.07142857143,0,0.4285714286,0
vFam_4041,0,0.2753623188,0,0.25,0,0,0.09090909091,0,0,0.4285714286,0
vFam_1752,0,0,0,0,0,0,0,0,0,0.4285714286,0
vFam_508,1.333333333,1,0,1.25,0,0.7777777778,0.9090909091,1.928571429,2,0.2857142857,0
vFam_4614,0,0.231884058,0,0,0,1,0.09090909091,1.357142857,2,0.2857142857,0
vFam_139,0.6666666667,0.7971014493,0,0,0,2.444444444,0.3636363636,0.7380952381,2,0.2857142857,0
vFam_1812,0.6666666667,0.231884058,0,1,0,0.1111111111,0,2.714285714,1,0.2857142857,0
vFam_5448,3,1.043478261,0,0,0.5,1.111111111,0.6363636364,0.9761904762,1,0.2857142857,0
vFam_2217,3,0.5072463768,4,2,0,0.7777777778,0.8181818182,1,0,0.2857142857,0
vFam_3450,0,0.2028985507,0,0,0,0.2222222222,0,0.5714285714,0,0.2857142857,0
vFam_3916,0,0.1449275362,0,0,0,0.1111111111,0.09090909091,0.5238095238,0,0.2857142857,0
vFam_1583,0,0.8405797101,0,0.25,0,2.222222222,0,0.5238095238,0,0.2857142857,0
vFam_2717,0.6666666667,0.231884058,0,0.5,0,0,0,0.2142857143,0,0.2857142857,0
vFam_407,0,0.05797101449,0,0,0,0,0,0.1904761905,0,0.2857142857,0
vFam_594,0,0.5217391304,0,4.25,0,0.6666666667,0.09090909091,0.1428571429,0,0.2857142857,0
vFam_704,0,0.884057971,0,1,0,0.7777777778,1.181818182,0.07142857143,0,0.2857142857,0
vFam_6593,0,0.1739130435,0,0,0,0.6666666667,0,0.07142857143,0,0.2857142857,0
vFam_2258,0,0.1449275362,0,0,0,0.2222222222,0,0.04761904762,0,0.2857142857,0
vFam_5285,0,0.04347826087,0,0,0,0,0,0,0,0.2857142857,0
vFam_1128,0,0.01449275362,0,0,0,0,0,0,0,0.2857142857,0
vFam_1582,0,0.5217391304,1,1,0,2.111111111,0.6363636364,1.619047619,2,0.1428571429,0
vFam_2058,1.333333333,0.4057971014,1,1.5,0,0.2222222222,0.09090909091,0.8571428571,1,0.1428571429,0
vFam_3256,0,0.2753623188,0,0.75,0,0.2222222222,0.09090909091,0.8333333333,1,0.1428571429,0
vFam_4036,1.666666667,0.3768115942,0,0.25,0,0.1111111111,0.2727272727,1.523809524,0,0.1428571429,0
vFam_1791,0,0.8260869565,0,0.5,0.5,0.4444444444,0.4545454545,0.8095238095,0,0.1428571429,0
vFam_2740,1.333333333,0.4492753623,0,0,0,0.1111111111,0.1818181818,0.8095238095,0,0.1428571429,0
vFam_6137,2,0.1739130435,0,0,0,0,0,0.3571428571,0,0.1428571429,0
vFam_1759,0,0.1449275362,0,0,0,0,0.1818181818,0.1666666667,0,0.1428571429,0
vFam_1760,0.6666666667,0.01449275362,0,0,0,0,0.1818181818,0.1428571429,0,0.1428571429,0
vFam_3940,0,0,0,0,0,0,0,0,0,0.1428571429,0
vFam_502,0,0,0,0,0,0,0,0,0,0.1428571429,0
vFam_5950,0,0,0,0,0,0,0,0,0,0.1428571429,0
vFam_3039,0,0.5217391304,0,0,0,0,0,0,8,0,0
vFam_1549,6.333333333,6.84057971,29,5.5,0,1.222222222,17.18181818,6.595238095,5,0,0
vFam_1987,2.666666667,1.101449275,0,0,0,0.6666666667,0.2727272727,2.238095238,5,0,0
vFam_6207,0,0.1304347826,0,0,0,0,0.09090909091,0.6428571429,4,0,0
vFam_6168,0,0,0,0,0,0.1111111111,0,0.3095238095,3,0,0
vFam_4187,0.3333333333,0.1449275362,0,3.25,0,1.444444444,0.5454545455,1.404761905,2,0,0
vFam_5538,0,0.01449275362,0,0,0,0.3333333333,0.09090909091,0.8095238095,2,0,0
vFam_98,0,0.6086956522,3,0,0,1.333333333,0.6363636364,0.3333333333,2,0,0
vFam_2432,0,0,0,0,0,0,0,0.1904761905,2,0,0
vFam_197,0,0.5652173913,19,0,0,1.555555556,7.363636364,0.1428571429,2,0,0
vFam_4013,0,0.1014492754,0,0,0,0,0,0.119047619,2,0,0
vFam_3579,0,1.710144928,0,0,30,0.6666666667,2.363636364,0.04761904762,2,0,0
vFam_5678,0,0.4202898551,0,0,0,0.5555555556,0.1818181818,0.04761904762,2,0,0
vFam_4925,0,0,0,0,0,0,0,0,2,0,0
vFam_1141,0.6666666667,0.1594202899,0,2,0,0.3333333333,0.3636363636,0.880952381,1,0,0
vFam_4061,2,0.5507246377,0,0,0,0.3333333333,0,0.5714285714,1,0,0
vFam_3967,0,0.07246376812,0,0,0.5,0,2.090909091,0.3095238095,1,0,0
vFam_3605,0,0.2173913043,0,0.5,0,0,0,0.2857142857,1,0,0
vFam_2703,0,0.1449275362,0,0,0,0.1111111111,0,0.1428571429,1,0,0
vFam_3945,0,0.3333333333,1,0,0,0.3333333333,0.09090909091,0.119047619,1,0,0
vFam_1690,0,0.05797101449,0,0,0,0,0,0.119047619,1,0,0
vFam_1061,0,0.01449275362,0,0,0,0,0,0.119047619,1,0,0
vFam_276,0,0.08695652174,0,0,0,0,0,0.07142857143,1,0,0
vFam_5759,0,0,0,0,0,0,0,0.07142857143,1,0,0
vFam_4739,0,0.01449275362,0,0,0,0.2222222222,0.09090909091,0.04761904762,1,0,0
vFam_1177,0,0.05797101449,0,0,0,0,0.09090909091,0.04761904762,1,0,0
vFam_5363,2.666666667,0.05797101449,4,3,0.5,1,0.2727272727,0.02380952381,1,0,0
vFam_1578,0,0.07246376812,0,0,0,0,0,0.02380952381,1,0,0
vFam_6409,0,0.1304347826,0,0,0,0.4444444444,0.09090909091,0,1,0,0
vFam_4665,1.666666667,0.04347826087,1,0,0,0.3333333333,0.09090909091,0,1,0,0
vFam_217,0,0.115942029,0,0,0,0.2222222222,0,0,1,0,0
vFam_1618,0,0.05797101449,0,0,0,0,0,0,1,0,0
vFam_1586,68.66666667,14.88405797,22,16.25,0,24.77777778,13.36363636,61.21428571,0,0,0
vFam_2419,28,8.637681159,5,13.75,0,5.444444444,5.272727273,45.71428571,0,0,0
vFam_3140,0,29.92753623,4,0,3,9.222222222,0,27.07142857,0,0,0
vFam_1287,0,6.52173913,0,0,2,1.222222222,0,12.0952381,0,0,0
vFam_4131,0,9.52173913,0,0,0,0.7777777778,0,10.57142857,0,0,0
vFam_1555,0,4.057971014,0,0,0,0.6666666667,0,8.119047619,0,0,0
vFam_2412,0,0.8115942029,0,6,0,0,0,7.333333333,0,0,0
vFam_5183,0,0.02898550725,0,0,0,0,0.5454545455,6.428571429,0,0,0
vFam_133,0,0.7391304348,0,0,0,0.6666666667,2,5.30952381,0,0,0
vFam_4575,0,0.07246376812,0,0,0,0,0,4.357142857,0,0,0
vFam_569,2,2.202898551,0,0,0,0.3333333333,0.2727272727,4.214285714,0,0,0
vFam_2659,0.6666666667,0,0,0,0,2.888888889,0,4.095238095,0,0,0
vFam_5325,2.333333333,0.8115942029,2,15.25,0,2.333333333,0.2727272727,4.023809524,0,0,0
vFam_991,5,4.971014493,39,5,0,7.666666667,25.18181818,3.928571429,0,0,0
vFam_1166,0,0.2608695652,0,1,0,0.1111111111,1.454545455,3.714285714,0,0,0
vFam_2261,0.6666666667,0.1014492754,0,0.5,0,0.2222222222,0.3636363636,2.428571429,0,0,0
vFam_5308,0,0.1739130435,0,2.5,0,0,0,2.238095238,0,0,0
vFam_4895,0,0.1884057971,0,0.5,1,0.4444444444,0.4545454545,1.785714286,0,0,0
vFam_1174,0,0.9855072464,0,0,0,0,0.1818181818,1.738095238,0,0,0
vFam_392,3.333333333,1.260869565,0,0.25,0,1.333333333,1.727272727,1.5,0,0,0
vFam_1164,0,0.05797101449,0,0,0,2,0,1.476190476,0,0,0
vFam_5854,0,0.4782608696,0,0,0,0,0.1818181818,1.285714286,0,0,0
vFam_2721,0,0.07246376812,0,0,0,0,0,1.238095238,0,0,0
vFam_2259,0,0.3913043478,2,0,0,0.4444444444,0,1.166666667,0,0,0
vFam_4300,0,2.898550725,0,0,0,0.8888888889,3.545454545,1.142857143,0,0,0
vFam_5563,1.666666667,0.1739130435,0,0,0,0,2.181818182,1.047619048,0,0,0
vFam_3938,0,0.2173913043,0,0.25,0,0.3333333333,0.4545454545,0.9761904762,0,0,0
vFam_4977,18,0.6231884058,0,6.5,0,51.88888889,0,0.880952381,0,0,0
vFam_5320,0,0.9565217391,0,0,0,0,0,0.880952381,0,0,0
vFam_1371,0,0.6956521739,45,0,0,1.333333333,7.545454545,0.7857142857,0,0,0
vFam_4712,0,0.4927536232,45,0,0,0.8888888889,7.272727273,0.7857142857,0,0,0
vFam_5986,0,4.724637681,0,0,0,2.333333333,0.7272727273,0.7857142857,0,0,0
vFam_560,0,0,0,0,0,0,0,0.7857142857,0,0,0
vFam_3305,0,0.08695652174,0,0.75,0,0.1111111111,0.1818181818,0.7619047619,0,0,0
vFam_3261,0,0.2608695652,0,0.25,0,0.8888888889,0.09090909091,0.6428571429,0,0,0
vFam_1939,0,0.3768115942,0,0,0,0,0.1818181818,0.619047619,0,0,0
vFam_5458,0,0.884057971,0,0.5,4,0,0,0.619047619,0,0,0
vFam_3904,1.666666667,0.4202898551,6,4.5,0,0.3333333333,0.09090909091,0.5952380952,0,0,0
vFam_4776,0,0.08695652174,0,0,0,0,0,0.5952380952,0,0,0
vFam_1962,0,0.02898550725,0,0,0,0.4444444444,0.1818181818,0.5714285714,0,0,0
vFam_4865,0.3333333333,0.2608695652,0,0,0,0.2222222222,0.1818181818,0.5714285714,0,0,0
vFam_1854,2,0.115942029,0,0,0,0,0.4545454545,0.5476190476,0,0,0
vFam_1595,8.333333333,0.2463768116,5,4.25,0,1.555555556,0,0.5476190476,0,0,0
vFam_4992,0,0.05797101449,0,0.5,0,0,0,0.5476190476,0,0,0
vFam_5444,4,2.753623188,3,0,0,0.3333333333,11.90909091,0.5238095238,0,0,0
vFam_3512,0.6666666667,0.2173913043,0,1,0,6.888888889,0.2727272727,0.5238095238,0,0,0
vFam_5283,1.666666667,0.2753623188,3,2,0,0.5555555556,0.2727272727,0.5,0,0,0
vFam_3013,0,0.07246376812,0,0,0,0,0,0.5,0,0,0
vFam_5411,0,0,0,0,0,0,0,0.5,0,0,0
vFam_5751,0,0.115942029,0,0,0,0,0.1818181818,0.4761904762,0,0,0
vFam_459,0.6666666667,0.2463768116,0,0.25,0,0.1111111111,0,0.4761904762,0,0,0
vFam_5770,0,0,0,0,0,0,0,0.4761904762,0,0,0
vFam_5525,0,0,0,0,0,0.7777777778,0.5454545455,0.4523809524,0,0,0
vFam_5833,0,1.231884058,0,3.75,0,2.333333333,0,0.4523809524,0,0,0
vFam_591,0,0.1594202899,0,0,0,0.3333333333,0,0.4285714286,0,0,0
vFam_2535,0,0,0,0,0,0,0,0.4285714286,0,0,0
vFam_518,0,0,0,0,0,0,0.4545454545,0.380952381,0,0,0
vFam_4388,0,0.1304347826,0,0,0,0.2222222222,0,0.3571428571,0,0,0
vFam_4892,0,0,0,0,0,0,0,0.3571428571,0,0,0
vFam_2510,0,0.07246376812,0,0,0,0,0.09090909091,0.3333333333,0,0,0
vFam_211,0,0,0,1.75,0,0,0,0.3333333333,0,0,0
vFam_4291,0,0,0,0,0,0,0,0.3333333333,0,0,0
vFam_4837,0,0,0,0,0,0,0,0.3333333333,0,0,0
vFam_3328,0,0,1,0,0,0.5555555556,0,0.3095238095,0,0,0
vFam_5242,0.6666666667,0.1014492754,0,0,0,0.1111111111,0,0.3095238095,0,0,0
vFam_5331,0,0.5652173913,0,0,0,0,1,0.2857142857,0,0,0
vFam_540,0,0,0,0,0,0,0.3636363636,0.2857142857,0,0,0
vFam_2243,0,0.2898550725,0,0.25,0,0.6666666667,0.09090909091,0.2857142857,0,0,0
vFam_4171,0,0.01449275362,0,0,0,0.4444444444,0,0.2857142857,0,0,0
vFam_4317,0,0.3623188406,0,1.5,0,0,0,0.2857142857,0,0,0
vFam_2658,0,0.115942029,1,0.5,0,0,0,0.2857142857,0,0,0
vFam_6193,0,0.1884057971,0,0,0,0,0,0.2857142857,0,0,0
vFam_1219,0,0.2028985507,0,1,0,0,0,0.2619047619,0,0,0
vFam_1136,0,0.01449275362,0,0,0,0,0,0.2619047619,0,0,0
vFam_2823,0,0,0,0,0,0,0.4545454545,0.2380952381,0,0,0
vFam_4853,0,0.01449275362,0,0,0,0.1111111111,0.2727272727,0.2380952381,0,0,0
vFam_2827,0,0,0,0,0,0,0.1818181818,0.2380952381,0,0,0
vFam_5460,0,0.04347826087,0,0,0,0.1111111111,0,0.2380952381,0,0,0
vFam_3752,0.6666666667,0,0,0,0,0,0,0.2380952381,0,0,0
vFam_1306,0,0,0,0,0,0,0,0.2380952381,0,0,0
vFam_6638,0,0,0,0,0,0,0,0.2380952381,0,0,0
vFam_4449,0,0.07246376812,0,0,0,0.1111111111,0.1818181818,0.2142857143,0,0,0
vFam_1142,0,0.1594202899,0,0,0,0,0,0.2142857143,0,0,0
vFam_3468,0,0,0,0,0,0,0,0.2142857143,0,0,0
vFam_1420,0.3333333333,0.3623188406,0,2.5,0,0,0.2727272727,0.1904761905,0,0,0
vFam_4428,0,0.01449275362,0,0,0,0,0.1818181818,0.1904761905,0,0,0
vFam_4764,0,0.02898550725,0,0,0,0,0,0.1904761905,0,0,0
vFam_3789,0.6666666667,0.2028985507,0,0.5,0,0.8888888889,0.8181818182,0.1666666667,0,0,0
vFam_3393,0.6666666667,0,3,0,0,0.5555555556,0.3636363636,0.1666666667,0,0,0
vFam_1940,0,0.07246376812,0,0,0,0.1111111111,0.09090909091,0.1666666667,0,0,0
vFam_199,0,0.115942029,0,0,0,0.6666666667,0,0.1666666667,0,0,0
vFam_610,1.333333333,0,0,0,0,0.2222222222,0,0.1666666667,0,0,0
vFam_848,0,0,0,0.5,0,0,0,0.1666666667,0,0,0
vFam_282,0,0,0,0,0,0,0,0.1666666667,0,0,0
vFam_4339,0,0,0,0,0,0,0,0.1666666667,0,0,0
vFam_2806,2,0.1739130435,0,0,0,0.3333333333,0.1818181818,0.1428571429,0,0,0
vFam_5578,0,0.05797101449,0,0,0,0.2222222222,0,0.1428571429,0,0,0
vFam_2947,0,0,0,0.75,0,0,0,0.1428571429,0,0,0
vFam_1388,0,0.01449275362,3,0,0,0,0,0.1428571429,0,0,0
vFam_3320,0,0.1884057971,0,0,0,0,0,0.1428571429,0,0,0
vFam_4183,0,0.05797101449,0,0,0,0,0,0.1428571429,0,0,0
vFam_3471,0,0.01449275362,0,0,0,0,0,0.1428571429,0,0,0
vFam_2807,3.333333333,0.231884058,0,0,0,0.4444444444,0.3636363636,0.119047619,0,0,0
vFam_2301,0,0.07246376812,0,0,0,0,0.1818181818,0.119047619,0,0,0
vFam_5293,0,0,0,0,0,0,0.1818181818,0.119047619,0,0,0
vFam_1365,0,0.1884057971,0,0.5,0,0.5555555556,0,0.119047619,0,0,0
vFam_2108,0,0.2753623188,0,0,0,0,0,0.119047619,0,0,0
vFam_1412,0,0.05797101449,0,0,0,0,0,0.119047619,0,0,0
vFam_495,0,0.01449275362,0,0,0,0,0,0.119047619,0,0,0
vFam_2446,0,0,0,0,0,0,0,0.119047619,0,0,0
vFam_1167,0,0.02898550725,0,0,0,0.6666666667,0.9090909091,0.09523809524,0,0,0
vFam_5757,0,0.01449275362,0,2.5,0,0.5555555556,0.7272727273,0.09523809524,0,0,0
vFam_743,1.333333333,0.231884058,0,0.25,0,0,0.2727272727,0.09523809524,0,0,0
vFam_190,0,0,2,0,0,0.2222222222,0.09090909091,0.09523809524,0,0,0
vFam_1323,0,0.231884058,0,0,0,0.2222222222,0.09090909091,0.09523809524,0,0,0
vFam_3516,0,0.02898550725,0,1,0,0.1111111111,0.09090909091,0.09523809524,0,0,0
vFam_2996,0.6666666667,0.2028985507,0,0,0,0,0.09090909091,0.09523809524,0,0,0
vFam_220,0,0.1884057971,0,1.25,0,0.8888888889,0,0.09523809524,0,0,0
vFam_2449,0,0.05797101449,0,0.75,0,0.2222222222,0,0.09523809524,0,0,0
vFam_5017,0,0.1014492754,0,0.5,0,0,0,0.09523809524,0,0,0
vFam_4147,0,0,0,0,0,0,0,0.09523809524,0,0,0
vFam_4815,0,0,0,0,0,0,0,0.09523809524,0,0,0
vFam_4717,0,0.347826087,14,0,0,0.7777777778,5.272727273,0.07142857143,0,0,0
vFam_1632,0,0.1449275362,0,0,0,0,0.2727272727,0.07142857143,0,0,0
vFam_4726,0,0,0,0,0,0.4444444444,0,0.07142857143,0,0,0
vFam_3580,0,0.08695652174,0,0.75,0,0.3333333333,0,0.07142857143,0,0,0
vFam_3161,0,0.1594202899,0,0,0,0.1111111111,0,0.07142857143,0,0,0
vFam_5972,0,0,0,0,0,0.1111111111,0,0.07142857143,0,0,0
vFam_1480,0,0.5942028986,0,0,1,0,0,0.07142857143,0,0,0
vFam_2579,0,0.347826087,0,0,0,0,0,0.07142857143,0,0,0
vFam_3268,0,0.231884058,0,0,0,0,0,0.07142857143,0,0,0
vFam_1983,0,0.08695652174,0,0,0,0,0,0.07142857143,0,0,0
vFam_3032,0,0.05797101449,0,0,0,0,0,0.07142857143,0,0,0
vFam_2597,0,0,0,0,0,0,0,0.07142857143,0,0,0
vFam_2617,0,0,23,0,0,0.6666666667,2.090909091,0.04761904762,0,0,0
vFam_2518,0,0.01449275362,0,1.5,0,2.333333333,0.8181818182,0.04761904762,0,0,0
vFam_2116,1.333333333,0.08695652174,0,0,0,0.5555555556,0.7272727273,0.04761904762,0,0,0
vFam_3554,0,0.1014492754,0,0,0,0,0.2727272727,0.04761904762,0,0,0
vFam_54,0,0,0,0,0,0,0.2727272727,0.04761904762,0,0,0
vFam_1255,1,0.07246376812,0,0.25,0,0.2222222222,0.1818181818,0.04761904762,0,0,0
vFam_426,0,0,0,0,0,0,0.1818181818,0.04761904762,0,0,0
vFam_3907,0,0,0,0,0,4.444444444,0,0.04761904762,0,0,0
vFam_4867,1.666666667,0.04347826087,0,0,0,0.4444444444,0,0.04761904762,0,0,0
vFam_5231,0,0.02898550725,0,0,0,0.1111111111,0,0.04761904762,0,0,0
vFam_2,0,0,0,0,0,0.1111111111,0,0.04761904762,0,0,0
vFam_4419,0,0,0,0,0,0.1111111111,0,0.04761904762,0,0,0
vFam_5577,0,0.1304347826,0,1.5,0,0,0,0.04761904762,0,0,0
vFam_1705,0,0,0,0.25,0,0,0,0.04761904762,0,0,0
vFam_5828,0,0.1449275362,0,0,0,0,0,0.04761904762,0,0,0
vFam_2478,0,0.04347826087,0,0,0,0,0,0.04761904762,0,0,0
vFam_5461,0,0.02898550725,0,0,0,0,0,0.04761904762,0,0,0
vFam_1176,0,0,0,0,0,0,0,0.04761904762,0,0,0
vFam_1191,0,0,0,0,0,0,0,0.04761904762,0,0,0
vFam_1217,0,0,0,0,0,0,0,0.04761904762,0,0,0
vFam_2605,0,0,0,0,0,0,0,0.04761904762,0,0,0
vFam_3026,0,0,0,0,0,0,0,0.04761904762,0,0,0
vFam_305,0,0,0,0,0,0,0,0.04761904762,0,0,0
vFam_5326,0,0,0,0,0,0,0,0.04761904762,0,0,0
vFam_81,0,0,0,0,0,0,0,0.04761904762,0,0,0
vFam_986,0,0,0,0,0,0,0,0.04761904762,0,0,0
vFam_2754,0,0.07246376812,0,1,0,1.888888889,0.4545454545,0.02380952381,0,0,0
vFam_293,0.6666666667,0.01449275362,0,4.5,0,0,0.1818181818,0.02380952381,0,0,0
vFam_184,0,0.04347826087,0,0,0,0,0.1818181818,0.02380952381,0,0,0
vFam_3070,0,0.08695652174,0,0,0,0,0.09090909091,0.02380952381,0,0,0
vFam_5379,0,0.02898550725,0,0,0,0,0.09090909091,0.02380952381,0,0,0
vFam_702,0,0.02898550725,0,0,0,0,0.09090909091,0.02380952381,0,0,0
vFam_4095,2,0.01449275362,0,0,0,0,0.09090909091,0.02380952381,0,0,0
vFam_3571,0,0,0,0,0,0,0.09090909091,0.02380952381,0,0,0
vFam_2984,0,0.01449275362,0,0,0,0.4444444444,0,0.02380952381,0,0,0
vFam_5053,0,0,0,0,0,0.4444444444,0,0.02380952381,0,0,0
vFam_3948,0,0.1594202899,1,1.5,0,0,0,0.02380952381,0,0,0
vFam_1950,0,0.1594202899,0,0.25,0,0,0,0.02380952381,0,0,0
vFam_5056,0,0,1,0,0,0,0,0.02380952381,0,0,0
vFam_4706,0,0.1014492754,0,0,0,0,0,0.02380952381,0,0,0
vFam_2846,0,0.07246376812,0,0,0,0,0,0.02380952381,0,0,0
vFam_2746,0,0.02898550725,0,0,0,0,0,0.02380952381,0,0,0
vFam_5036,0,0.02898550725,0,0,0,0,0,0.02380952381,0,0,0
vFam_1688,0,0.01449275362,0,0,0,0,0,0.02380952381,0,0,0
vFam_3354,0,0.01449275362,0,0,0,0,0,0.02380952381,0,0,0
vFam_13,0,0,0,0,0,0,0,0.02380952381,0,0,0
vFam_2454,0,0,0,0,0,0,0,0.02380952381,0,0,0
vFam_2692,0,0,0,0,0,0,0,0.02380952381,0,0,0
vFam_3012,0,0,0,0,0,0,0,0.02380952381,0,0,0
vFam_4212,0,0,0,0,0,0,0,0.02380952381,0,0,0
vFam_4358,0,0,0,0,0,0,0,0.02380952381,0,0,0
vFam_4918,0,0,0,0,0,0,0,0.02380952381,0,0,0
vFam_5483,0,0,0,0,0,0,0,0.02380952381,0,0,0
vFam_5824,0,0,0,0,0,0,0,0.02380952381,0,0,0
vFam_19,0,0.115942029,0,0,0,29.77777778,96.36363636,0,0,0,0
vFam_5613,0,0.2898550725,0,0,0,0.4444444444,2.636363636,0,0,0,0
vFam_2417,0,0,0,0,0,0,2.363636364,0,0,0,0
vFam_42,0,0,0,0,0,0,1.454545455,0,0,0,0
vFam_1724,0,0,0,0,0,0,1,0,0,0,0
vFam_1211,2.666666667,0.2463768116,0,1.25,0,0.5555555556,0.7272727273,0,0,0,0
vFam_583,0,0.02898550725,0,0,1,0,0.6363636364,0,0,0,0
vFam_5163,0,0,0,0,0,0,0.6363636364,0,0,0,0
vFam_176,0,0,0,0,0,0,0.5454545455,0,0,0,0
vFam_6661,0,0,0,0,0,0,0.5454545455,0,0,0,0
vFam_467,0,0.1014492754,0,0,0,0.3333333333,0.4545454545,0,0,0,0
vFam_4240,0,0,0,0,2,0,0.3636363636,0,0,0,0
vFam_5289,0,0.04347826087,0,0,0,0.1111111111,0.2727272727,0,0,0,0
vFam_2046,0,0.2173913043,0,0,0,0,0.2727272727,0,0,0,0
vFam_1212,0,0.1304347826,0,0,0,0,0.2727272727,0,0,0,0
vFam_2836,0,0.05797101449,0,0,0,0,0.2727272727,0,0,0,0
vFam_1472,0,0.02898550725,0,0,0,0,0.2727272727,0,0,0,0
vFam_1651,0,0,0,0,0,0,0.2727272727,0,0,0,0
vFam_5521,0,0,0,0,0,0,0.2727272727,0,0,0,0
vFam_1502,0,0.2028985507,0,0.5,0,0,0.1818181818,0,0,0,0
vFam_2391,0,0.1884057971,0,0,0,0,0.1818181818,0,0,0,0
vFam_3422,0,0.1449275362,0,0,0,0,0.1818181818,0,0,0,0
vFam_5614,0,0.1304347826,0,0,0,0,0.1818181818,0,0,0,0
vFam_5699,0,0.115942029,0,0,0,0,0.1818181818,0,0,0,0
vFam_1624,0,0.04347826087,0,0,0,0,0.1818181818,0,0,0,0
vFam_4891,2.666666667,0.01449275362,0,0,0,0,0.1818181818,0,0,0,0
vFam_4076,0,0,0,0,0,0,0.1818181818,0,0,0,0
vFam_2291,0,0.1449275362,0,0,0.5,0.3333333333,0.09090909091,0,0,0,0
vFam_2546,0,0.02898550725,0,0,0,0.1111111111,0.09090909091,0,0,0,0
vFam_2799,0,0.02898550725,0,0,0,0.1111111111,0.09090909091,0,0,0,0
vFam_3837,1.333333333,0,0,0,0,0.1111111111,0.09090909091,0,0,0,0
vFam_3633,0,0.1014492754,0,0,0.5,0,0.09090909091,0,0,0,0
vFam_3634,0,0.04347826087,0,0,0.5,0,0.09090909091,0,0,0,0
vFam_166,0,0.02898550725,2,0,0,0,0.09090909091,0,0,0,0
vFam_5790,0,0.1739130435,0,0,0,0,0.09090909091,0,0,0,0
vFam_3492,0,0.1449275362,0,0,0,0,0.09090909091,0,0,0,0
vFam_2744,0,0.08695652174,0,0,0,0,0.09090909091,0,0,0,0
vFam_491,0,0.08695652174,0,0,0,0,0.09090909091,0,0,0,0
vFam_5667,0,0.08695652174,0,0,0,0,0.09090909091,0,0,0,0
vFam_3005,0,0.07246376812,0,0,0,0,0.09090909091,0,0,0,0
vFam_1676,0,0.05797101449,0,0,0,0,0.09090909091,0,0,0,0
vFam_1672,0,0.02898550725,0,0,0,0,0.09090909091,0,0,0,0
vFam_5021,0,0.02898550725,0,0,0,0,0.09090909091,0,0,0,0
vFam_2001,0,0.01449275362,0,0,0,0,0.09090909091,0,0,0,0
vFam_4709,0,0.01449275362,0,0,0,0,0.09090909091,0,0,0,0
vFam_141,0,0,0,0,0,0,0.09090909091,0,0,0,0
vFam_1961,0,0,0,0,0,0,0.09090909091,0,0,0,0
vFam_21,0,0,0,0,0,0,0.09090909091,0,0,0,0
vFam_4868,0,0,0,0,0,0,0.09090909091,0,0,0,0
vFam_2057,0,0,0,0,0,6.111111111,0,0,0,0,0
vFam_5535,0,0,0,0,0,3.666666667,0,0,0,0,0
vFam_368,0,0,0,0,0,2.777777778,0,0,0,0,0
vFam_1665,0,0,0,0,0,1.444444444,0,0,0,0,0
vFam_1892,0,0.1594202899,0,1.25,0,1.111111111,0,0,0,0,0
vFam_2197,0,0,0,0,0,1.111111111,0,0,0,0,0
vFam_4063,1.666666667,0.04347826087,4,0,0,1,0,0,0,0,0
vFam_549,0,0,0,0,0,1,0,0,0,0,0
vFam_2487,0,0,0,0,0,0.5555555556,0,0,0,0,0
vFam_2413,0,0.05797101449,0,0,0,0.4444444444,0,0,0,0,0
vFam_3323,0,0,0,0,0,0.4444444444,0,0,0,0,0
vFam_5135,0,0,0,0,0,0.3333333333,0,0,0,0,0
vFam_1438,0,0.1014492754,0,0,0,0.2222222222,0,0,0,0,0
vFam_3440,0,0,0,0,0,0.2222222222,0,0,0,0,0
vFam_5159,0,0,0,0,0,0.2222222222,0,0,0,0,0
vFam_749,0,0.02898550725,1,0,0,0.1111111111,0,0,0,0,0
vFam_332,0,0.1014492754,0,0,0,0.1111111111,0,0,0,0,0
vFam_2762,2.666666667,0,0,0,0,0.1111111111,0,0,0,0,0
vFam_1737,0,0,0,0,0,0.1111111111,0,0,0,0,0
vFam_203,0,0,0,0,0,0.1111111111,0,0,0,0,0
vFam_297,0,0,0,0,0,0.1111111111,0,0,0,0,0
vFam_3294,0,0,0,0,0,0.1111111111,0,0,0,0,0
vFam_4491,0,0,0,0,0,0.1111111111,0,0,0,0,0
vFam_4545,0,0,0,0,0,0.1111111111,0,0,0,0,0
vFam_4670,0,0,0,0,0,0.1111111111,0,0,0,0,0
vFam_4946,0,0,0,0,0,0.1111111111,0,0,0,0,0
vFam_5226,0,0,0,0,0,0.1111111111,0,0,0,0,0
vFam_5533,0,0,0,0,0,0.1111111111,0,0,0,0,0
vFam_5571,0,0,0,0,0,0.1111111111,0,0,0,0,0
vFam_5586,0,0,0,0,0,0.1111111111,0,0,0,0,0
vFam_5988,0,0,0,0,0,0.1111111111,0,0,0,0,0
vFam_6229,0,0,0,0,0,0.1111111111,0,0,0,0,0
vFam_6341,0,0,0,0,0,0.1111111111,0,0,0,0,0
vFam_6379,0,0,0,0,0,0.1111111111,0,0,0,0,0
vFam_6494,0,0,0,0,0,0.1111111111,0,0,0,0,0
vFam_6495,0,0,0,0,0,0.1111111111,0,0,0,0,0
vFam_249,0,0,0,0,0.5,0,0,0,0,0,0
vFam_1416,0,0,0,1.75,0,0,0,0,0,0,0
vFam_6310,0,0,0,1.5,0,0,0,0,0,0,0
vFam_3600,0,0,0,1,0,0,0,0,0,0,0
vFam_3515,0,0.01449275362,0,0.75,0,0,0,0,0,0,0
vFam_1620,0,0,0,0.75,0,0,0,0,0,0,0
vFam_1631,0,0.115942029,0,0.5,0,0,0,0,0,0,0
vFam_1433,0,0.1014492754,0,0.5,0,0,0,0,0,0,0
vFam_707,0,0.02898550725,0,0.5,0,0,0,0,0,0,0
vFam_3486,0,0.1014492754,0,0.25,0,0,0,0,0,0,0
vFam_978,0,0.02898550725,0,0.25,0,0,0,0,0,0,0
vFam_1658,0,0,0,0.25,0,0,0,0,0,0,0
vFam_1907,0,0,0,0.25,0,0,0,0,0,0,0
vFam_4416,0,0,0,0.25,0,0,0,0,0,0,0
vFam_2835,0,0.1304347826,2,0,0,0,0,0,0,0,0
vFam_3255,0,0.01449275362,1,0,0,0,0,0,0,0,0
vFam_4235,0,0,1,0,0,0,0,0,0,0,0
vFam_5616,0,0.6376811594,0,0,0,0,0,0,0,0,0
vFam_765,0,0.5797101449,0,0,0,0,0,0,0,0,0
vFam_5762,0,0.5072463768,0,0,0,0,0,0,0,0,0
vFam_2648,0,0.4347826087,0,0,0,0,0,0,0,0,0
vFam_2094,0,0.3768115942,0,0,0,0,0,0,0,0,0
vFam_171,0,0.347826087,0,0,0,0,0,0,0,0,0
vFam_2889,0,0.2753623188,0,0,0,0,0,0,0,0,0
vFam_2585,0,0.231884058,0,0,0,0,0,0,0,0,0
vFam_27,0,0.231884058,0,0,0,0,0,0,0,0,0
vFam_2067,0,0.1884057971,0,0,0,0,0,0,0,0,0
vFam_2129,0,0.1884057971,0,0,0,0,0,0,0,0,0
vFam_250,0,0.1884057971,0,0,0,0,0,0,0,0,0
vFam_1309,0,0.1739130435,0,0,0,0,0,0,0,0,0
vFam_1497,0,0.1739130435,0,0,0,0,0,0,0,0,0
vFam_2398,0,0.1739130435,0,0,0,0,0,0,0,0,0
vFam_388,0,0.1739130435,0,0,0,0,0,0,0,0,0
vFam_1419,0,0.1594202899,0,0,0,0,0,0,0,0,0
vFam_3957,0,0.1304347826,0,0,0,0,0,0,0,0,0
vFam_4201,0,0.1304347826,0,0,0,0,0,0,0,0,0
vFam_650,0,0.1304347826,0,0,0,0,0,0,0,0,0
vFam_5936,0,0.115942029,0,0,0,0,0,0,0,0,0
vFam_642,0,0.115942029,0,0,0,0,0,0,0,0,0
vFam_411,0,0.1014492754,0,0,0,0,0,0,0,0,0
vFam_4714,0,0.1014492754,0,0,0,0,0,0,0,0,0
vFam_5120,0,0.1014492754,0,0,0,0,0,0,0,0,0
vFam_5629,0,0.1014492754,0,0,0,0,0,0,0,0,0
vFam_799,0,0.1014492754,0,0,0,0,0,0,0,0,0
vFam_226,0,0.08695652174,0,0,0,0,0,0,0,0,0
vFam_295,0,0.08695652174,0,0,0,0,0,0,0,0,0
vFam_3085,0,0.08695652174,0,0,0,0,0,0,0,0,0
vFam_4877,0,0.08695652174,0,0,0,0,0,0,0,0,0
vFam_5229,0,0.08695652174,0,0,0,0,0,0,0,0,0
vFam_5848,0,0.08695652174,0,0,0,0,0,0,0,0,0
vFam_6245,0,0.08695652174,0,0,0,0,0,0,0,0,0
vFam_2448,0,0.07246376812,0,0,0,0,0,0,0,0,0
vFam_4110,0,0.07246376812,0,0,0,0,0,0,0,0,0
vFam_4559,0,0.07246376812,0,0,0,0,0,0,0,0,0
vFam_876,0,0.07246376812,0,0,0,0,0,0,0,0,0
vFam_1723,0,0.05797101449,0,0,0,0,0,0,0,0,0
vFam_2103,0,0.05797101449,0,0,0,0,0,0,0,0,0
vFam_2720,0,0.05797101449,0,0,0,0,0,0,0,0,0
vFam_28,0,0.05797101449,0,0,0,0,0,0,0,0,0
vFam_3635,0,0.05797101449,0,0,0,0,0,0,0,0,0
vFam_3835,0,0.05797101449,0,0,0,0,0,0,0,0,0
vFam_4175,0,0.05797101449,0,0,0,0,0,0,0,0,0
vFam_4638,0,0.05797101449,0,0,0,0,0,0,0,0,0
vFam_4792,0,0.05797101449,0,0,0,0,0,0,0,0,0
vFam_6416,0,0.05797101449,0,0,0,0,0,0,0,0,0
vFam_1751,0,0.04347826087,0,0,0,0,0,0,0,0,0
vFam_2027,0,0.04347826087,0,0,0,0,0,0,0,0,0
vFam_221,0,0.04347826087,0,0,0,0,0,0,0,0,0
vFam_2974,0,0.04347826087,0,0,0,0,0,0,0,0,0
vFam_3212,0,0.04347826087,0,0,0,0,0,0,0,0,0
vFam_3291,0,0.04347826087,0,0,0,0,0,0,0,0,0
vFam_3639,0,0.04347826087,0,0,0,0,0,0,0,0,0
vFam_4039,0,0.04347826087,0,0,0,0,0,0,0,0,0
vFam_4260,0,0.04347826087,0,0,0,0,0,0,0,0,0
vFam_5562,0,0.04347826087,0,0,0,0,0,0,0,0,0
vFam_5648,0,0.04347826087,0,0,0,0,0,0,0,0,0
vFam_5810,0,0.04347826087,0,0,0,0,0,0,0,0,0
vFam_5875,0,0.04347826087,0,0,0,0,0,0,0,0,0
vFam_996,0,0.04347826087,0,0,0,0,0,0,0,0,0
vFam_3262,0.6666666667,0.02898550725,0,0,0,0,0,0,0,0,0
vFam_157,0,0.02898550725,0,0,0,0,0,0,0,0,0
vFam_1701,0,0.02898550725,0,0,0,0,0,0,0,0,0
vFam_2028,0,0.02898550725,0,0,0,0,0,0,0,0,0
vFam_2198,0,0.02898550725,0,0,0,0,0,0,0,0,0
vFam_2498,0,0.02898550725,0,0,0,0,0,0,0,0,0
vFam_2756,0,0.02898550725,0,0,0,0,0,0,0,0,0
vFam_3209,0,0.02898550725,0,0,0,0,0,0,0,0,0
vFam_3270,0,0.02898550725,0,0,0,0,0,0,0,0,0
vFam_3370,0,0.02898550725,0,0,0,0,0,0,0,0,0
vFam_3823,0,0.02898550725,0,0,0,0,0,0,0,0,0
vFam_4434,0,0.02898550725,0,0,0,0,0,0,0,0,0
vFam_4920,0,0.02898550725,0,0,0,0,0,0,0,0,0
vFam_5025,0,0.02898550725,0,0,0,0,0,0,0,0,0
vFam_5207,0,0.02898550725,0,0,0,0,0,0,0,0,0
vFam_5277,0,0.02898550725,0,0,0,0,0,0,0,0,0
vFam_5671,0,0.02898550725,0,0,0,0,0,0,0,0,0
vFam_3689,0.3333333333,0.01449275362,0,0,0,0,0,0,0,0,0
vFam_1042,0,0.01449275362,0,0,0,0,0,0,0,0,0
vFam_1079,0,0.01449275362,0,0,0,0,0,0,0,0,0
vFam_1080,0,0.01449275362,0,0,0,0,0,0,0,0,0
vFam_2140,0,0.01449275362,0,0,0,0,0,0,0,0,0
vFam_2302,0,0.01449275362,0,0,0,0,0,0,0,0,0
vFam_2634,0,0.01449275362,0,0,0,0,0,0,0,0,0
vFam_2955,0,0.01449275362,0,0,0,0,0,0,0,0,0
vFam_3758,0,0.01449275362,0,0,0,0,0,0,0,0,0
vFam_4155,0,0.01449275362,0,0,0,0,0,0,0,0,0
vFam_4475,0,0.01449275362,0,0,0,0,0,0,0,0,0
vFam_5102,0,0.01449275362,0,0,0,0,0,0,0,0,0
vFam_5377,0,0.01449275362,0,0,0,0,0,0,0,0,0
vFam_5567,0,0.01449275362,0,0,0,0,0,0,0,0,0
vFam_5898,0,0.01449275362,0,0,0,0,0,0,0,0,0
vFam_6181,0,0.01449275362,0,0,0,0,0,0,0,0,0
vFam_6403,0,0.01449275362,0,0,0,0,0,0,0,0,0
vFam_6561,0,0.01449275362,0,0,0,0,0,0,0,0,0
vFam_705,0,0.01449275362,0,0,0,0,0,0,0,0,0
vFam_994,0,0.01449275362,0,0,0,0,0,0,0,0,0
vFam_2516,9.666666667,0,0,0,0,0,0,0,0,0,0
vFam_1138,8.666666667,0,0,0,0,0,0,0,0,0,0
vFam_4119,4.666666667,0,0,0,0,0,0,0,0,0,0
vFam_5314,2.666666667,0,0,0,0,0,0,0,0,0,0
vFam_6131,2.666666667,0,0,0,0,0,0,0,0,0,0
vFam_3567,2,0,0,0,0,0,0,0,0,0,0
vFam_821,0.3333333333,0,0,0,0,0,0,0,0,0,0
vFam_1055,0,0,0,0,0,0,0,0,0,0,0
vFam_1372,0,0,0,0,0,0,0,0,0,0,0
vFam_1401,0,0,0,0,0,0,0,0,0,0,0
vFam_1866,0,0,0,0,0,0,0,0,0,0,0
vFam_1899,0,0,0,0,0,0,0,0,0,0,0
vFam_2063,0,0,0,0,0,0,0,0,0,0,0
vFam_2332,0,0,0,0,0,0,0,0,0,0,0
vFam_2351,0,0,0,0,0,0,0,0,0,0,0
vFam_380,0,0,0,0,0,0,0,0,0,0,0
vFam_387,0,0,0,0,0,0,0,0,0,0,0
vFam_3998,0,0,0,0,0,0,0,0,0,0,0
vFam_4569,0,0,0,0,0,0,0,0,0,0,0
vFam_4630,0,0,0,0,0,0,0,0,0,0,0
vFam_5109,0,0,0,0,0,0,0,0,0,0,0
vFam_6158,0,0,0,0,0,0,0,0,0,0,0
vFam_6192,0,0,0,0,0,0,0,0,0,0,0
vFam_6471,0,0,0,0,0,0,0,0,0,0,0
vFam_863,0,0,0,0,0,0,0,0,0,0,0
vFam_875,0,0,0,0,0,0,0,0,0,0,0
vFam_96,0,0,0,0,0,0,0,0,0,0,0